{"cameraMode":{"drawMode":0,"name":"Shaded","section":"Shading Mode"},"sceneLighting":true,"audioPlay":false,"sceneViewState":{"m_AlwaysRefresh":false,"showFog":true,"showSkybox":true,"showFlares":true,"showImageEffects":true,"showParticleSystems":true,"showVisualEffectGraphs":true,"m_FxEnabled":true},"in2DMode":false,"pivot":{"x":43.437808990478519,"y":-84.13406372070313,"z":87.37716674804688},"rotation":{"x":0.5246762037277222,"y":0.0038325469940900804,"z":-0.0023425165563821794,"w":0.8513525724411011},"size":116.52967834472656,"orthographic":false}