{"cameraMode":{"drawMode":0,"name":"Shaded","section":"Shading Mode"},"sceneLighting":false,"audioPlay":false,"sceneViewState":{"m_AlwaysRefresh":false,"showFog":true,"showSkybox":false,"showFlares":true,"showImageEffects":true,"showParticleSystems":true,"showVisualEffectGraphs":true,"m_FxEnabled":true},"in2DMode":false,"pivot":{"x":-1.2810149192810059,"y":-2.4437875747680666,"z":1.9394378662109376},"rotation":{"x":0.29698944091796877,"y":-0.37162861227989199,"z":0.1268216222524643,"w":0.8704739809036255},"size":3.866024971008301,"orthographic":false}