{"cameraMode":{"drawMode":0,"name":"Shaded","section":"Shading Mode"},"sceneLighting":false,"audioPlay":false,"sceneViewState":{"m_AlwaysRefresh":false,"showFog":true,"showSkybox":false,"showFlares":true,"showImageEffects":true,"showParticleSystems":true,"showVisualEffectGraphs":true,"m_FxEnabled":true},"in2DMode":false,"pivot":{"x":2.156815528869629,"y":-0.6789629459381104,"z":-11.672134399414063},"rotation":{"x":0.004630287177860737,"y":0.9955150485038757,"z":-0.06009752303361893,"w":0.07391705363988877},"size":10.857319831848145,"orthographic":false}